tier,ok,fail,ttft_ms,tput
c1,1,0,80565.75,11.88
c2,2,0,80314.61,23.07
c3,3,0,80358.16,32.52
c4,4,0,80691.48,38.29
c5,5,0,80829.77,44.92
c6,6,0,54487.12,58.52
c7,7,0,47125.48,73.48
c8,8,0,81754.95,68.94
c9,9,0,37198.03,91.55
c10,10,0,81953.27,86.31
c11,11,0,82012.96,87.21
c12,12,0,82638.42,98.46
c13,13,0,98995.57,82.13
c14,14,0,217518.07,28.41
c15,15,0,218026.78,28.62
c16,16,0,315369.56,23.44
c17,17,0,330684.11,20.44
c18,18,0,465460.71,16.46
c19,19,0,349714.85,21.41
c20,20,0,605337.48,15.67
c21,?,?,?,?
